,CVE_DOC,FECHA_DOC,NOMBRE_VENDEDOR,NOMBRE_CLIENTE,CANT,CVE_ART,DESCR,PRECIO_UNITARIO,COSTO_UNITARIO,COSTO_UNITARIO_CALCULADO,SUBTOTAL_PARTIDA,COSTO_TOTAL_CALCULADO,MARGEN_UNITARIO_CALCULADO,MARGEN_TOTAL_CALCULADO
7,F37046,2022-01-05,LETICIA RAMIREZ HERNANDEZ,ANA BARBARA CRUZ PALACIOS,3,TP0001,TERMOPAR J 3/16 Ø X 1' 1/2 EXT. 1 MT,94.5,38.96,38.96,283.5,116.88,55.54,166.62
61,F37143,2022-01-19,LETICIA RAMIREZ HERNANDEZ,ALBERTO VILLALOBOS GARCIA,3,BC00024,BC PLANA INOX 52MMX60CM 750W 220V T/TOR,1412.0,556.14,556.14,4236.0,1668.42,855.86,2567.58
62,F37143,2022-01-19,LETICIA RAMIREZ HERNANDEZ,ALBERTO VILLALOBOS GARCIA,3,BC00025,BC PLANA INOX 51MMX490MM 1000W 220V T/TO,1188.0,447.68,447.68,3564.0,1343.05,740.32,2220.95
75,F37171,2022-01-21,LETICIA RAMIREZ HERNANDEZ,PÚBLICO EN GENERAL,3,TU5/16X230MM,"TUBULAR  J"" 5/16"" 230MM 4500W 220V""",999.91,200.3,200.3,2999.72,600.9,799.61,2398.82
90,F37198,2022-01-26,LETICIA RAMIREZ HERNANDEZ,ARISVET HERNANDEZ CASTILLO,3,TUA00410,"TUB INOX 7/16""ØX500MM 3000W240V BUS3/4""",830.25,363.33,363.33,2490.75,1090.0,466.92,1400.75
95,F37217,2022-01-28,LETICIA RAMIREZ HERNANDEZ,SOLUCIONES METALMECANICAS ZEKRAMA,3,RP00176,REPARACION DE SOLDADURA A PLACAS TUBULAR,900.0,0.0,247.52,2700.0,742.57,652.48,1957.43
96,F37219,2022-01-28,LETICIA RAMIREZ HERNANDEZ,SINUHE RAMIREZ GUERRERO,3,TUS00064,"TUB INOX 1/2""Øx500mm LONG ""U"" 2000W 220V",1189.0,0.0,160.03,3567.0,480.08,1028.97,3086.92
97,F37221,2022-01-28,LETICIA RAMIREZ HERNANDEZ,OPERADORA Y ADMINISTRADORA DE HOSPITALES SAN JOSE,3,TUA00078,"TUB INOX 5/16""Øx320mm 4000W 230V TAPON",1435.0,0.0,369.59,4305.0,1108.78,1065.41,3196.22
125,F37269,2022-02-02,LETICIA RAMIREZ HERNANDEZ,DESECHOS INDUSTRIALES CONIN,3,TP0005,TERMOPAR J 3/16 Ø X 1' 1/2 EXT. 3 MT,375.29,0.0,106.0,1125.87,318.0,269.29,807.87
141,F37301,2022-02-08,LETICIA RAMIREZ HERNANDEZ,PHI AUTOMATION,3,TUA00408,"TUB INOX 5/8""ØX150CM 2590W 256V REC/ALET",1877.65,533.27,533.27,5632.95,1599.82,1344.38,4033.13
148,F37321,2022-02-09,LETICIA RAMIREZ HERNANDEZ,PÚBLICO EN GENERAL,3,TUE00098,"TUB INOX 1/4""Øx185MM 900W 120V ""M"" T-90°",1143.25,78.83,78.83,3429.75,236.48,1064.42,3193.27
149,F37326,2022-02-10,LETICIA RAMIREZ HERNANDEZ,GRUPO 2 IMPRESORES,3,RC00026,"RC 3/8""ØX175MM 375W125V EXT25CM",568.65,0.0,83.5,1705.95,250.49,485.15,1455.46
164,F37358,2022-02-14,LETICIA RAMIREZ HERNANDEZ,DESECHOS INDUSTRIALES CONIN,3,BP00246,BAN P COMUN 218MMX85MM 800W440V 2BA T/TO,345.0,31.72,31.72,1035.0,95.16,313.28,939.84
183,F37401,2022-02-17,LETICIA RAMIREZ HERNANDEZ,PEREZ PEDRAZA LAURA LISBET,3,BO00053,BOB DSD CAL.6 86MMØX713MM U 48KW440V GA,2525.0,0.0,1782.0,7575.0,5346.0,743.0,2229.0
220,F37458,2022-02-24,LETICIA RAMIREZ HERNANDEZ,EDGAR GARCIA HERNANDEZ,3,CBS00101,CBS INOX 27MMØX180CM 1000W 440V CAJA ESP,3200.0,0.0,427.12,9600.0,1281.35,2772.88,8318.65
252,F37509,2022-02-28,LETICIA RAMIREZ HERNANDEZ,JT RESIDENCES,3,TUS00005,"TUB INOX716Øx1421mm LONG ""M"" 3000W/220V""",799.1,0.0,178.49,2397.3,535.46,620.61,1861.84
254,F37514,2022-02-28,LETICIA RAMIREZ HERNANDEZ,ANHEL ALEJANDRA FONSECA MARTINEZ,3,TUE00337,"TUB INOX 5/16""ØX42CM 3650W280V ESP/PLAC",992.25,173.44,173.44,2976.75,520.33,818.81,2456.42
255,F37515,2022-02-28,LETICIA RAMIREZ HERNANDEZ,MAXIMO PEDRAZA MAGOS,3,TUS00029,"TUB INOX 5/16""Øx310MM ""U"" 800W110V T/TOR",358.7,0.0,48.23,1076.1,144.69,310.47,931.41
274,F37540,2022-03-03,LETICIA RAMIREZ HERNANDEZ,ANHEL ALEJANDRA FONSECA MARTINEZ,3,TUE00337,"TUB INOX 5/16""ØX42CM 3650W280V ESP/PLAC",992.25,173.44,173.44,2976.75,520.33,818.81,2456.42
367,F37724,2022-03-24,LETICIA RAMIREZ HERNANDEZ,AXON INTERCONEX,3,EE00003,RES EN CINTA NICRO4.0X0.101-2.8OHMS LAMI,395.0,0.0,4.92,1185.0,14.76,390.08,1170.24
397,F37764,2022-03-30,LETICIA RAMIREZ HERNANDEZ,INSTRUMENTACION ANALITICA DEL BAJIO,3,TP0024,"TERMOPAR K 3/16Ø X 1'  1/2 EXT. 1 MT""",165.0,48.49,48.49,495.0,145.47,116.51,349.53
418,F37814,2022-03-31,LETICIA RAMIREZ HERNANDEZ,MEDIOS IMPRESOS SERVICIOS INTEGRALES,3,TUS00035,"TUB INOX 3/8""Øx810mm LONG RECTA 500W220V",657.5,88.74,88.74,1972.5,266.21,568.76,1706.29
442,F37852,2022-04-07,LETICIA RAMIREZ HERNANDEZ,TERMOFORMADOS,3,TUS00018,"TUB INOX. 5/16 Øx625mm 850W,220V U",625.7,0.0,98.64,1877.1,295.92,527.06,1581.18
455,F37880,2022-04-11,LETICIA RAMIREZ HERNANDEZ,JOSUE ANGEL TREJO GUTIERREZ,3,TUA00017,"TUB COBRE7/16Øx590mm ""U"" 5000W 220V C/B""",1063.83,0.0,409.87,3191.49,1229.62,653.96,1961.87
490,F37953,2022-04-22,LETICIA RAMIREZ HERNANDEZ,SYS TRON BAJIO,3,CM10D2025A00,CAM INOX 10MMØX50MM 250W 240V EXT30CM,435.97,67.31,67.31,1307.91,201.92,368.66,1105.99
502,F37972,2022-04-25,LETICIA RAMIREZ HERNANDEZ,SERVICIOS ESPECIALES ELECTRICOS,3,TUA00079,"TUB INOX ALETADA 1/2""Øx30CMS 1000W 480V",1037.1,249.07,249.07,3111.3,747.21,788.03,2364.1
598,F38186,2022-05-18,LETICIA RAMIREZ HERNANDEZ,ACL ACABADOS METALICOS,3,TUA00131,"TUB INOX 1/2""Øx90CMS U 25KW 440V TAPON 2",4580.0,2061.24,2061.24,13740.0,6183.72,2518.76,7556.28
610,F38208,2022-05-23,LETICIA RAMIREZ HERNANDEZ,VICTOR MANUEL OLVERA ESPINO,3,TP0001,TERMOPAR J 3/16 Ø X 1' 1/2 EXT. 1 MT,150.86,42.79,42.79,452.58,128.38,108.07,324.2
629,F38248,2022-05-27,LETICIA RAMIREZ HERNANDEZ,FISHERS QUERETARO,3,TUS00122,"TUB INOX 5/16""ØX30CM 800W 240V U DOB90°",582.93,0.0,30.65,1748.79,91.95,552.28,1656.84
632,F38261,2022-05-30,LETICIA RAMIREZ HERNANDEZ,JUAN ANTONIO RESENDIZ UGALDE,3,TU5/16X203V,"TUBULAR U"" 5/16"" 203MM 1500W 127V""",642.0,321.87,321.87,1926.0,965.61,320.13,960.39
680,F38373,2022-06-14,LETICIA RAMIREZ HERNANDEZ,JUAN ANTONIO RESENDIZ UGALDE,3,TU5/16X203V,"TUBULAR U"" 5/16"" 203MM 1500W 127V""",642.0,321.87,321.87,1926.0,965.61,320.13,960.39
683,F38380,2022-06-15,LETICIA RAMIREZ HERNANDEZ,DANIEL CRUZ HERNANDEZ,3,CS14D2017B20,"CAS INOX 1/4""ØX2"" 175W240V EXT30CM C/TJ",812.53,0.0,111.07,2437.59,333.2,701.46,2104.39
713,F38428,2022-06-21,LETICIA RAMIREZ HERNANDEZ,JOCAR ELECTRICA DEL CENTRO,3,TP0003,TERMOPAR J 3/16 Ø X 1' 1/2 EXT. 2 MT,155.0,77.57,77.57,465.0,232.72,77.43,232.28
760,F38501,2022-06-30,LETICIA RAMIREZ HERNANDEZ,FELIX GERARDO GAMEZ BARAJAS,3,TP0011,"TERMOPAR CERAMICO T/K"" LONG 12"" CAL 8""",485.0,141.3,141.3,1455.0,423.89,343.7,1031.11
761,F38502,2022-06-30,LETICIA RAMIREZ HERNANDEZ,PÚBLICO EN GENERAL,3,TUA00460,"TUB INOX 5/16""ØX325MM 1700W 240V ""M"" BUS",921.37,0.0,185.81,2764.11,557.42,735.56,2206.69
795,F38576,2022-07-12,LETICIA RAMIREZ HERNANDEZ,DESECHOS INDUSTRIALES CONIN,3,BP00267,BAN P COMUN 30MMX114CM 1500W110V T/TORNI,675.0,0.0,202.71,2025.0,608.14,472.29,1416.86
803,F38586,2022-07-13,LETICIA RAMIREZ HERNANDEZ,FERNANDO VAZQUEZ CASTILLO,3,TP0011,"TERMOPAR CERAMICO T/K"" LONG 12"" CAL 8""",572.5,144.4,144.4,1717.5,433.2,428.1,1284.3
809,F38604,2022-07-15,LETICIA RAMIREZ HERNANDEZ,PLASTICOS Y EXTRUSIONES,3,TJ00092,"TER J 1/8""ØX120MM EXT2MT MALLA/TRAN5/16""",798.0,156.34,156.34,2394.0,469.01,641.66,1924.99
811,F38606,2022-07-15,LETICIA RAMIREZ HERNANDEZ,HARINERA DE IRAPUATO,3,CBS00104,"CBS INOX 1/2""ØX8"" 350W 110V ESC EXT30CM",786.7,150.16,150.16,2360.1,450.49,636.54,1909.61
876,F38716,2022-07-29,LETICIA RAMIREZ HERNANDEZ,CENTRO HOSPITALARIO MAC,3,TUA00468,"TUB INOX 7/16""ØX595MM 5000W 220V ""U"" BUS",1064.0,0.0,330.66,3192.0,991.99,733.34,2200.01
885,F38758,2022-08-08,LETICIA RAMIREZ HERNANDEZ,PLASTICOS Y EXTRUSIONES,3,TP0005,TERMOPAR J 3/16 Ø X 1' 1/2 EXT. 3 MT,238.0,97.49,97.49,714.0,292.48,140.51,421.52
919,F38821,2022-08-15,LETICIA RAMIREZ HERNANDEZ,RETRABAJOS INDUSTRIALES Y LIMPIEZAS ESPECIALIZADAS POLAR,3,TEA00044,"TEA K 1/2""ØX254MMLON 1/2""-1/2""NPT CAB/MA",1598.75,438.86,438.86,4796.25,1316.59,1159.89,3479.66
920,F38821,2022-08-15,LETICIA RAMIREZ HERNANDEZ,RETRABAJOS INDUSTRIALES Y LIMPIEZAS ESPECIALIZADAS POLAR,3,TEE00024,"TER K CAL. 8 x10"" C/FUNDA CERAMICA 17MM",2218.0,0.0,1149.73,6654.0,3449.19,1068.27,3204.81
934,F38854,2022-08-19,LETICIA RAMIREZ HERNANDEZ,BRAVO ENERGY,3,BO00044,BOB 8020 4MMØX600MM 1000W 127V T/OJILLO,525.0,10.82,10.82,1575.0,32.46,514.18,1542.54
936,F38857,2022-08-19,LETICIA RAMIREZ HERNANDEZ,CESAR NIETO GARCIA,3,TUE00198,"TUB INOX 5/16""ØX795MM 780W 120V T/TORNI",625.2,48.94,48.94,1875.6,146.81,576.26,1728.79
938,F38862,2022-08-19,LETICIA RAMIREZ HERNANDEZ,PROCESOS GRAFICOS DEL BAJIO,3,TUE00122,"TUB INOX 5/16""Øx132MM 1000W 230V ESP/CAB",983.0,227.62,227.62,2949.0,682.85,755.38,2266.15
989,F38977,2022-09-05,LETICIA RAMIREZ HERNANDEZ,JAIME ARROYO HERNANDEZ,3,TP0016,"TERMOPAR CERAMICO T/K"" LONG 24"" CAL 8""",732.0,260.2,260.2,2196.0,780.6,471.8,1415.4
1001,F39006,2022-09-08,LETICIA RAMIREZ HERNANDEZ,METAPLUS,3,BC00010,"BC PLANA 6""LARx4 1/4""ANC 2000W 220V C/TJ",2400.0,0.0,679.75,7200.0,2039.25,1720.25,5160.75
1012,F39017,2022-09-08,LETICIA RAMIREZ HERNANDEZ,CENTRO HOSPITALARIO MAC,3,TUA00468,"TUB INOX 7/16""ØX595MM 5000W 220V ""U"" BUS",1064.0,330.66,330.66,3192.0,991.99,733.34,2200.01
1020,F39032,2022-09-12,LETICIA RAMIREZ HERNANDEZ,SABER Y SABOR,3,TUE00161,"TUB INOX 1/4""Øx150MM 900W 220V ESP/NAYLA",1784.35,0.0,112.39,5353.05,337.18,1671.96,5015.87
1030,F39055,2022-09-14,LETICIA RAMIREZ HERNANDEZ,JT RESIDENCES,3,TUS00005,"TUB INOX716Øx1421mm LONG ""M"" 3000W/220V""",799.1,168.4,168.4,2397.3,505.21,630.7,1892.09
1089,F39152,2022-09-26,LETICIA RAMIREZ HERNANDEZ,PÚBLICO EN GENERAL,3,CS58L2050A00,"CAS INOX 5/8""ØX6"" 500W 240V EXT30CM",699.38,0.0,207.16,2098.14,621.48,492.22,1476.66
1099,F39184,2022-09-29,LETICIA RAMIREZ HERNANDEZ,AGUSTIN REYES Y VALVERDE,3,TP0002,TERMOPAR J3/16 Ø X 1' 1/2 EXT.  1.5 MT,155.0,62.95,62.95,465.0,188.86,92.05,276.14
1123,F39253,2022-10-05,LETICIA RAMIREZ HERNANDEZ,COMERCIAL ELECTRICA DALCO,3,TP0012,"TERMOPAR CERAMICO T/ K"" LONG 12"" CAL.14""",299.8,0.0,59.54,899.4,178.63,240.26,720.77
1133,F39273,2022-10-10,LETICIA RAMIREZ HERNANDEZ,ALFREDO MACIAS PEÑA,3,TUA00124,"TU ""U"" Ø 8 MM X 500 MM 3000 W 220V",1572.45,600.03,600.03,4717.35,1800.09,972.42,2917.26
1156,F39315,2022-10-17,LETICIA RAMIREZ HERNANDEZ,FIDEICOMISO F/1596,3,TUE00207,"TUB INCOLOY 1/2""Øx412mm J 9KW 240V PLACA",2056.2,586.32,586.32,6168.6,1758.97,1469.88,4409.63
1187,F39364,2022-10-21,LETICIA RAMIREZ HERNANDEZ,MIGUEL IGNACIO LINO SALINAS,3,CS12G1040A00,"CAS INOX 1/2""ØX3 1/2"" 400W 127V EXT.30CM",565.4,90.42,90.42,1696.2,271.25,474.98,1424.95
1196,F39374,2022-10-24,LETICIA RAMIREZ HERNANDEZ,METAPLUS,3,BC00010,"BC PLANA 6""LARx4 1/4""ANC 2000W 220V C/TJ",2400.0,472.22,472.22,7200.0,1416.65,1927.78,5783.35
1273,F39549,2022-11-11,LETICIA RAMIREZ HERNANDEZ,DESECHOS INDUSTRIALES CONIN,3,BL00062,BAN M/LUNA 220MMØX155MM 1500W 440V C/STD,951.04,208.88,208.88,2853.12,626.65,742.16,2226.47
1275,F39554,2022-11-11,LETICIA RAMIREZ HERNANDEZ,PÚBLICO EN GENERAL,3,TUE00387,"TUB INOX 5/16""ØX27CM 1000W 240V ESPECIAL",1086.48,67.56,67.56,3259.44,202.67,1018.92,3056.77
1293,F39587,2022-11-16,LETICIA RAMIREZ HERNANDEZ,PROCESOS GRAFICOS DEL BAJIO,3,TUE00122,"TUB INOX 5/16""Øx132MM 1000W 230V ESP/CAB",983.0,129.28,129.28,2949.0,387.85,853.72,2561.16
1302,F39600,2022-11-18,LETICIA RAMIREZ HERNANDEZ,SOLUCIONES E INNOVACION EN TINTORERIA DEL NORTE,3,TUA00098,"TUB INOX.5/16""Øx473mm U 2500W 220V TAPO",1045.31,199.05,199.05,3135.93,597.15,846.26,2538.78
1303,F39603,2022-11-18,LETICIA RAMIREZ HERNANDEZ,CENTRO HOSPITALARIO MAC,3,TUA00468,"TUB INOX 7/16""ØX595MM 5000W 220V ""U"" BUS",1270.84,0.0,330.66,3812.52,991.99,940.18,2820.53
1353,F39687,2022-12-05,LETICIA RAMIREZ HERNANDEZ,JOCAR ELECTRICA DEL CENTRO,3,TP0003,TERMOPAR J 3/16 Ø X 1' 1/2 EXT. 2 MT,155.0,79.01,79.01,465.0,237.03,75.99,227.97
1367,F39733,2022-12-08,LETICIA RAMIREZ HERNANDEZ,MAYWEY,3,TUS00131,"TUB INOX 7/16""ØX280CM 2000W 240V RECTA",1385.9,0.0,0.0,4157.7,0.0,1385.9,4157.7
1373,F39749,2022-12-09,LETICIA RAMIREZ HERNANDEZ,VICTOR HUGO CASTELLANOS NUÑEZ,3,TP0012,"TERMOPAR CERAMICO T/ K"" LONG 12"" CAL.14""",315.0,57.6,57.6,945.0,172.8,257.4,772.2
1378,F39759,2022-12-13,LETICIA RAMIREZ HERNANDEZ,SOLUCIONES E INNOVACION EN TINTORERIA DEL NORTE,3,TUA00488,"TUB INOX 3/8""ØX400MM 1800W230V ""M"" ALE/B",1449.3,454.72,454.72,4347.9,1364.17,994.58,2983.73
1396,F39793,2022-12-20,LETICIA RAMIREZ HERNANDEZ,INNOVACIONES TECNOLOGICAS EN TRATAMIENTO DEL AGUA,3,PT00091,"PT-100 3/8""ØX3CM EXT30CM TEFLON 3HILOS",478.0,0.0,66.31,1434.0,198.93,411.69,1235.07
1414,F39828,2022-12-23,LETICIA RAMIREZ HERNANDEZ,JUAN GERARDO GUZMAN FLORES,3,TP00018,"TIRA INOX 38MMX6"" 150W 127V T/TIPO H",510.0,51.16,51.16,1530.0,153.49,458.84,1376.51
1416,F39830,2022-12-23,LETICIA RAMIREZ HERNANDEZ,TORJJS,3,PJ31Q1G1A400,"TER J 3/16""ØX1/2"" EXT3MT MALLA INOX  Z/E",439.15,0.0,123.21,1317.45,369.62,315.94,947.83
1423,F39835,2022-12-23,LETICIA RAMIREZ HERNANDEZ,SEVEN DAYS ALL SPORT,3,TUE00394,"TUB INOX 5/16""ØX300MM 5300W 220V ""M"" ESP",2182.35,0.0,596.55,6547.05,1789.64,1585.8,4757.41
