,CVE_DOC,FECHA_DOC,NOMBRE_VENDEDOR,NOMBRE_CLIENTE,CANT,CVE_ART,DESCR,PRECIO_UNITARIO,COSTO_UNITARIO,COSTO_UNITARIO_CALCULADO,SUBTOTAL_PARTIDA,COSTO_TOTAL_CALCULADO,MARGEN_UNITARIO_CALCULADO,MARGEN_TOTAL_CALCULADO
15,F37058,2022-01-05,DIEGO ARMANDO LEON DURAN,MOLINERA DE MEXICO,5,PT00070,"PT-100 1/8""ØX30MM EXT 1.5MT 3HILOS Z/ESP",192.5,51.73,149.6,481.25,397.08,42.9,84.17
17,F37060,2022-01-05,DIEGO ARMANDO LEON DURAN,OSCAR VALDEZ GUADARRAMA,3,PJ31C1F1AA00,"TER J 3/16""ØX2"" EXT.2MT CON-1/2"" NPT",125.0,0.0,141.9,375.0,425.69,-16.9,-50.69
70,F37156,2022-01-20,DIEGO ARMANDO LEON DURAN,DIANA LAURA ZAVALA SALAZAR,1,BP00244,BAN P INOX 28MMX128MM 125W 230V T/TOR,255.01,291.72,291.72,255.01,291.72,-36.71,-36.71
243,F37491,2022-02-28,LETICIA RAMIREZ HERNANDEZ,ELIAS ZENTENO VENEGAS,1,TUE00339,"TUB INOX 1/4""ØX135MM 700W127V ESPIRAL 4V",1125.0,7342.41,7342.41,1125.0,7342.41,-6217.41,-6217.41
611,F38209,2022-05-23,LETICIA RAMIREZ HERNANDEZ,KARISMATICA DISTRIBUIDORA DE EQUIPO Y PRODUCTOS,1,RP00002,REPARACION HORNO 1500W 120V,474.14,0.0,4434.97,474.14,4434.97,-3960.83,-3960.83
671,F38351,2022-06-09,LETICIA RAMIREZ HERNANDEZ,J.SOCORRO GUERRERO VILLASEÑOR,4,TP0006,TERMOPAR J 3/16 Ø X 1' 1/2 EXT. 3.5 MT,301.5,432.0,432.0,1206.0,1728.0,-130.5,-522.0
723,F38443,2022-06-23,LETICIA RAMIREZ HERNANDEZ,EMMANUELLE FERNANDEZ GARCIA,4,BO00063,BOB 8020 CAL.17 19MMØX355MM LON 21KW240V,788.48,0.0,798.08,3153.92,3192.33,-9.6,-38.41
923,F38829,2022-08-16,LETICIA RAMIREZ HERNANDEZ,ANCOP MANTENIMIENTO INTEGRAL,2,TP00007,TIRA P INOX. 300mmx38mm 500W 220V TORNIL,345.0,345.81,345.81,690.0,691.62,-0.81,-1.62
942,F38867,2022-08-22,LETICIA RAMIREZ HERNANDEZ,LABORATORIO Y CONTROL DE CALIDAD DE MONTERREY,1,TUE00267,"TUB INOX 5/16""ØX296MM 1300W 110V ""M"" ESP",1048.97,6587.67,6587.67,1048.97,6587.67,-5538.7,-5538.7
1003,F39007,2022-09-08,LETICIA RAMIREZ HERNANDEZ,PÚBLICO EN GENERAL,2,RB00010,BOB 8020 CAL.19 1612W 127V CER-8CANALES,647.0,894.91,894.91,1294.0,1789.82,-247.91,-495.82
1039,F39070,2022-09-19,LETICIA RAMIREZ HERNANDEZ,ANCOP MANTENIMIENTO INTEGRAL,2,TP00007,TIRA P INOX. 300mmx38mm 500W 220V TORNIL,345.0,0.0,348.92,690.0,697.83,-3.92,-7.83
1063,F39121,2022-09-22,ALFREDO CANELA,PRODUCTOS Y SERVICIOS TRES HERMANOS,1,RP00001,REPARACION TUBO PYREX 7.2 OHMS,3298.28,33387.05,33387.05,3298.28,33387.05,-30088.77,-30088.77
1096,F39181,2022-09-29,LETICIA RAMIREZ HERNANDEZ,COMERCIAL ELECTRICA DALCO,10,CERAISON-14-28,CERAMICO OVALADO P/ ELEMENTO C-14- 2 BAR,6.54,6.0,6.0,65.35,60.0,0.54,5.35
1136,F39281,2022-10-11,ALFREDO CANELA,DEACERO,1,47980590,"TUBULAR U"" 11mmØx510mm 3kW 460V 3pz""",1800.0,2392.5,2392.5,1800.0,2392.5,-592.5,-592.5
1266,F39539,2022-11-10,LETICIA RAMIREZ HERNANDEZ,ECLECTICO MUEBLES,1,PJ14R1B40A00,"TER J 1/4""ØX3 1/2"" CON-1/2""-1/2"" EXT30CM",439.66,420.67,420.67,439.66,420.67,18.99,18.99
